<?xml version="1.0" encoding="utf-8"?>
<ScrollView xmlns:android="http://schemas.android.com/apk/res/android" xmlns:app="http://schemas.android.com/apk/res-auto" android:layout_width="match_parent" android:layout_height="match_parent">
    <RelativeLayout android:layout_width="wrap_content" android:layout_height="wrap_content">
        <ImageView android:id="@+id/imageView3" android:layout_width="400dp" android:layout_height="400dp" android:src="@mipmap/ic_launcher" android:layout_centerHorizontal="true" android:layout_centerVertical="false" android:alpha="0.2"/>
        <LinearLayout android:orientation="vertical" android:layout_width="wrap_content" android:layout_height="wrap_content" android:layout_centerHorizontal="true" android:layout_centerVertical="true">
            <TextView android:textSize="24sp" android:id="@+id/textView2" android:layout_width="match_parent" android:layout_height="wrap_content" android:text="@string/app_name" android:layout_centerInParent="true" android:layout_centerHorizontal="true"/>
            <TextView android:id="@+id/textView3" android:layout_width="match_parent" android:layout_height="wrap_content" android:text="v1.0.0.0" android:layout_centerInParent="false" android:layout_centerHorizontal="false" android:layout_centerVertical="false"/>
            <TextView android:id="@+id/textView4" android:layout_width="match_parent" android:layout_height="wrap_content" android:text="COPYRIGHT 2020"/>
        </LinearLayout>
    </RelativeLayout>
</ScrollView>
