<?xml version="1.0" encoding="utf-8"?>
<RelativeLayout xmlns:android="http://schemas.android.com/apk/res/android" xmlns:app="http://schemas.android.com/apk/res-auto" android:id="@+id/ScrollView01" android:layout_width="match_parent" android:layout_height="wrap_content" android:keepScreenOn="true">
    <LinearLayout android:orientation="vertical" android:layout_width="match_parent" android:layout_height="wrap_content">
        <include android:id="@+id/head" layout="@layout/header_gradiant"/>
        <ScrollView android:background="@color/light_gray_header_color2" android:layout_width="match_parent" android:layout_height="wrap_content" android:layout_below="@+id/head">
            <LinearLayout android:orientation="vertical" android:id="@+id/content" android:visibility="visible" android:layout_width="match_parent" android:layout_height="wrap_content" android:layout_margin="1dp">
                <LinearLayout android:orientation="vertical" android:layout_width="match_parent" android:layout_height="match_parent">
                    <TextView android:textSize="18sp" android:textStyle="bold" android:textColor="@color/graylight" android:id="@+id/textView9" android:layout_width="match_parent" android:layout_height="wrap_content" android:layout_margin="5dp" android:text="@string/interpolation_settings"/>
                    <LinearLayout android:orientation="horizontal" android:layout_width="match_parent" android:layout_height="match_parent" android:layout_margin="2dp">
                        <TextView android:textSize="20sp" android:textColor="#ffffffff" android:gravity="right" android:layout_gravity="center" android:paddingLeft="5dp" android:layout_width="wrap_content" android:layout_height="wrap_content" android:layout_marginLeft="5dp" android:text="@string/algorithm"/>
                        <LinearLayout android:layout_width="match_parent" android:layout_height="45dp" android:layout_marginLeft="15dp" android:layout_marginRight="10dp" android:layout_weight="8">
                            <Spinner android:gravity="center_horizontal" android:entries="@array/volEntries" android:layout_gravity="center" android:id="@+id/algo" android:layout_width="match_parent" android:layout_height="match_parent" android:layout_weight="6" android:foregroundGravity="center_horizontal" android:textAlignment="center" style="@style/Widget.Material.Light.Spinner"/>
                        </LinearLayout>
                    </LinearLayout>
                    <LinearLayout android:orientation="horizontal" android:id="@+id/rbfLayout" android:layout_width="match_parent" android:layout_height="wrap_content" android:layout_margin="2dp">
                        <TextView android:textSize="20sp" android:textColor="#ffffffff" android:gravity="right" android:layout_gravity="center" android:paddingLeft="5dp" android:layout_width="wrap_content" android:layout_height="wrap_content" android:layout_marginLeft="5dp" android:text="@string/rbf_function"/>
                        <LinearLayout android:layout_width="match_parent" android:layout_height="45dp" android:layout_marginLeft="15dp" android:layout_marginRight="10dp" android:layout_weight="8">
                            <Spinner android:gravity="center_horizontal" android:entries="@array/RBFEntries" android:layout_gravity="center" android:id="@+id/rbfbase" android:layout_width="match_parent" android:layout_height="match_parent" android:layout_weight="6" android:foregroundGravity="center_horizontal" android:textAlignment="center" style="@style/Widget.Material.Light.Spinner"/>
                        </LinearLayout>
                    </LinearLayout>
                </LinearLayout>
                <LinearLayout android:orientation="horizontal" android:id="@+id/idwLayout" android:layout_width="match_parent" android:layout_height="match_parent" android:layout_margin="2dp" android:layout_weight="6">
                    <TextView android:textSize="20sp" android:textColor="#ffffffff" android:gravity="right" android:layout_gravity="center" android:paddingLeft="5dp" android:layout_width="wrap_content" android:layout_height="wrap_content" android:layout_marginLeft="5dp" android:text="@string/power"/>
                    <LinearLayout android:layout_width="match_parent" android:layout_height="45dp" android:layout_marginLeft="15dp" android:layout_marginRight="10dp" android:layout_weight="8">
                        <com.ui.MySeekBar android:id="@+id/idwPower" android:paddingLeft="40dp" android:paddingRight="40dp" android:layout_width="match_parent" android:layout_height="match_parent" android:max="250" android:progress="100" android:thumb="@drawable/seekbar_thumb" android:layout_weight="1"/>
                    </LinearLayout>
                </LinearLayout>
                <View android:background="@color/white" android:visibility="visible" android:layout_width="match_parent" android:layout_height="0.1dp" android:layout_marginLeft="1dp" android:layout_marginRight="1dp"/>
                <LinearLayout android:orientation="vertical" android:layout_width="match_parent" android:layout_height="match_parent">
                    <TextView android:textSize="18sp" android:textStyle="bold" android:textColor="@color/graylight" android:id="@+id/textView6" android:layout_width="match_parent" android:layout_height="wrap_content" android:layout_margin="5dp" android:text="@string/iso_surface_settings"/>
                    <LinearLayout android:orientation="horizontal" android:layout_width="match_parent" android:layout_height="match_parent" android:layout_margin="2dp">
                        <TextView android:textSize="20sp" android:textColor="#ffffffff" android:gravity="right" android:layout_gravity="center" android:paddingLeft="5dp" android:layout_width="wrap_content" android:layout_height="wrap_content" android:layout_marginLeft="5dp" android:text="@string/iso_value_count"/>
                        <LinearLayout android:layout_width="match_parent" android:layout_height="45dp" android:layout_marginLeft="15dp" android:layout_marginRight="10dp" android:layout_weight="8">
                            <LinearLayout android:orientation="horizontal" android:layout_width="match_parent" android:layout_height="match_parent">
                                <Button android:textStyle="bold" android:textColor="@color/white" android:id="@+id/btn_minus" android:layout_width="match_parent" android:layout_height="match_parent" android:text="-" android:layout_weight="1"/>
                                <TextView android:textSize="14sp" android:textStyle="bold" android:textColor="@color/white" android:gravity="center" android:id="@+id/txt_size" android:layout_width="match_parent" android:layout_height="match_parent" android:text="1" android:layout_weight="1"/>
                                <Button android:textColor="@color/white" android:id="@+id/btn_plus" android:layout_width="match_parent" android:layout_height="match_parent" android:text="+" android:layout_weight="1"/>
                            </LinearLayout>
                        </LinearLayout>
                    </LinearLayout>
                    <LinearLayout android:orientation="horizontal" android:id="@+id/isoLay1" android:layout_width="match_parent" android:layout_height="match_parent" android:layout_margin="2dp">
                        <TextView android:textSize="20sp" android:textColor="#ffffffff" android:gravity="right" android:layout_gravity="center" android:paddingLeft="5dp" android:layout_width="wrap_content" android:layout_height="wrap_content" android:layout_marginLeft="5dp" android:text="#1"/>
                        <LinearLayout android:layout_width="match_parent" android:layout_height="45dp" android:layout_marginLeft="15dp" android:layout_marginRight="10dp" android:layout_weight="1">
                            <com.ui.MySeekBar android:id="@+id/isoValBar1" android:paddingLeft="40dp" android:paddingRight="40dp" android:layout_width="match_parent" android:layout_height="match_parent" android:max="250" android:progress="250" android:thumb="@drawable/seekbar_thumb" android:layout_weight="1"/>
                        </LinearLayout>
                    </LinearLayout>
                    <LinearLayout android:orientation="horizontal" android:id="@+id/isoLay2" android:layout_width="match_parent" android:layout_height="match_parent" android:layout_margin="2dp">
                        <TextView android:textSize="20sp" android:textColor="#ffffffff" android:gravity="right" android:layout_gravity="center" android:paddingLeft="5dp" android:layout_width="wrap_content" android:layout_height="wrap_content" android:layout_marginLeft="5dp" android:text="#2"/>
                        <LinearLayout android:layout_width="match_parent" android:layout_height="45dp" android:layout_marginLeft="15dp" android:layout_marginRight="10dp" android:layout_weight="1">
                            <com.ui.MySeekBar android:id="@+id/isoValBar2" android:paddingLeft="40dp" android:paddingRight="40dp" android:layout_width="match_parent" android:layout_height="match_parent" android:max="250" android:progress="0" android:thumb="@drawable/seekbar_thumb" android:layout_weight="1"/>
                        </LinearLayout>
                    </LinearLayout>
                    <LinearLayout android:orientation="horizontal" android:id="@+id/isoLay3" android:layout_width="match_parent" android:layout_height="match_parent" android:layout_margin="2dp">
                        <TextView android:textSize="20sp" android:textColor="#ffffffff" android:gravity="right" android:layout_gravity="center" android:paddingLeft="5dp" android:layout_width="wrap_content" android:layout_height="wrap_content" android:layout_marginLeft="5dp" android:text="#3"/>
                        <LinearLayout android:layout_width="match_parent" android:layout_height="45dp" android:layout_marginLeft="15dp" android:layout_marginRight="10dp" android:layout_weight="1">
                            <com.ui.MySeekBar android:id="@+id/isoValBar3" android:paddingLeft="40dp" android:paddingRight="40dp" android:layout_width="match_parent" android:layout_height="match_parent" android:max="250" android:progress="100" android:thumb="@drawable/seekbar_thumb" android:layout_weight="1"/>
                        </LinearLayout>
                    </LinearLayout>
                    <LinearLayout android:orientation="horizontal" android:id="@+id/isoLay4" android:layout_width="match_parent" android:layout_height="match_parent" android:layout_margin="2dp">
                        <TextView android:textSize="20sp" android:textColor="#ffffffff" android:gravity="right" android:layout_gravity="center" android:paddingLeft="5dp" android:layout_width="wrap_content" android:layout_height="wrap_content" android:layout_marginLeft="5dp" android:text="#4"/>
                        <LinearLayout android:layout_width="match_parent" android:layout_height="45dp" android:layout_marginLeft="15dp" android:layout_marginRight="10dp" android:layout_weight="1">
                            <com.ui.MySeekBar android:id="@+id/isoValBar4" android:paddingLeft="40dp" android:paddingRight="40dp" android:layout_width="match_parent" android:layout_height="match_parent" android:max="250" android:progress="100" android:thumb="@drawable/seekbar_thumb" android:layout_weight="1"/>
                        </LinearLayout>
                    </LinearLayout>
                    <LinearLayout android:orientation="horizontal" android:id="@+id/isoLay5" android:layout_width="match_parent" android:layout_height="wrap_content" android:layout_margin="2dp">
                        <TextView android:textSize="20sp" android:textColor="#ffffffff" android:gravity="right" android:layout_gravity="center" android:paddingLeft="5dp" android:layout_width="wrap_content" android:layout_height="wrap_content" android:layout_marginLeft="5dp" android:text="#5"/>
                        <LinearLayout android:layout_width="match_parent" android:layout_height="45dp" android:layout_marginLeft="15dp" android:layout_marginRight="10dp" android:layout_weight="1">
                            <com.ui.MySeekBar android:id="@+id/isoValBar5" android:paddingLeft="40dp" android:paddingRight="40dp" android:layout_width="match_parent" android:layout_height="match_parent" android:max="250" android:progress="100" android:thumb="@drawable/seekbar_thumb" android:layout_weight="1"/>
                        </LinearLayout>
                    </LinearLayout>
                </LinearLayout>
                <View android:id="@+id/view" android:background="@color/white" android:visibility="visible" android:layout_width="match_parent" android:layout_height="0.1dp" android:layout_marginLeft="1dp" android:layout_marginRight="1dp"/>
                <LinearLayout android:orientation="horizontal" android:layout_width="match_parent" android:layout_height="match_parent" android:layout_margin="2dp">
                    <TextView android:textSize="20sp" android:textColor="#ffffffff" android:gravity="left" android:layout_gravity="left|center_vertical|center_horizontal|center" android:paddingLeft="5dp" android:layout_width="match_parent" android:layout_height="wrap_content" android:layout_marginLeft="5dp" android:text="@string/coloring" android:layout_weight="6"/>
                    <LinearLayout android:layout_width="match_parent" android:layout_height="wrap_content" android:layout_marginLeft="15dp" android:layout_marginRight="10dp" android:layout_weight="8">
                        <Spinner android:entries="@array/coloringEntries" android:id="@+id/colorSpinner" android:layout_width="match_parent" android:layout_height="match_parent"/>
                    </LinearLayout>
                </LinearLayout>
                <View android:background="@color/rounded_container_border" android:visibility="visible" android:layout_width="match_parent" android:layout_height="0.1dp" android:layout_marginLeft="1dp" android:layout_marginRight="1dp"/>
                <TextView android:textSize="20sp" android:textColor="#fffcfcfc" android:layout_width="wrap_content" android:layout_height="wrap_content" android:layout_marginLeft="12dp" android:layout_marginTop="2dp" android:layout_marginBottom="5dp" android:text="@string/height_colormap"/>
                <LinearLayout android:layout_gravity="center_horizontal" android:orientation="horizontal" android:id="@+id/cbimages" android:layout_width="match_parent" android:layout_height="wrap_content" android:layout_marginLeft="5dp" android:layout_marginRight="5dp">
                    <ImageView android:tag="0" android:layout_width="35dp" android:layout_height="30dp" android:layout_marginLeft="5dp" android:layout_marginRight="5dp" android:layout_weight="1" android:onClick="checkColor"/>
                    <ImageView android:tag="1" android:layout_width="35dp" android:layout_height="30dp" android:layout_marginLeft="5dp" android:layout_marginRight="5dp" android:layout_weight="1" android:onClick="checkColor"/>
                    <ImageView android:tag="2" android:layout_width="35dp" android:layout_height="30dp" android:layout_marginLeft="5dp" android:layout_marginRight="5dp" android:layout_weight="1" android:onClick="checkColor"/>
                    <ImageView android:tag="3" android:layout_width="35dp" android:layout_height="30dp" android:layout_marginLeft="5dp" android:layout_marginRight="5dp" android:layout_weight="1" android:onClick="checkColor"/>
                    <ImageView android:tag="4" android:layout_width="35dp" android:layout_height="30dp" android:layout_marginLeft="5dp" android:layout_marginRight="5dp" android:layout_weight="1" android:onClick="checkColor"/>
                </LinearLayout>
                <LinearLayout android:layout_gravity="center_horizontal" android:orientation="horizontal" android:layout_width="match_parent" android:layout_height="wrap_content" android:layout_marginLeft="5dp" android:layout_marginRight="5dp" android:layout_marginBottom="0dp">
                    <RadioGroup android:layout_gravity="center_horizontal" android:orientation="horizontal" android:id="@+id/radiocbs" android:layout_width="match_parent" android:layout_height="wrap_content">
                        <RadioButton android:id="@+id/radioRainbow" android:layout_width="35dp" android:layout_height="35dp" android:layout_marginLeft="2dp" android:layout_marginRight="2dp" android:checked="true" android:text="" android:layout_weight="1"/>
                        <RadioButton android:id="@+id/radioRed" android:layout_width="35dp" android:layout_height="35dp" android:layout_marginLeft="2dp" android:layout_marginRight="2dp" android:text="" android:layout_weight="1"/>
                        <RadioButton android:id="@+id/radioGreen" android:layout_width="35dp" android:layout_height="35dp" android:layout_marginLeft="2dp" android:layout_marginRight="2dp" android:text="" android:layout_weight="1"/>
                        <RadioButton android:id="@+id/radioBlue" android:layout_width="35dp" android:layout_height="35dp" android:layout_marginLeft="2dp" android:layout_marginRight="2dp" android:text="" android:layout_weight="1"/>
                        <RadioButton android:id="@+id/radioGreen0" android:layout_width="35dp" android:layout_height="35dp" android:layout_marginLeft="2dp" android:layout_marginRight="2dp" android:text="" android:layout_weight="1"/>
                    </RadioGroup>
                </LinearLayout>
                <View android:background="@color/rounded_container_border" android:visibility="visible" android:layout_width="match_parent" android:layout_height="0.1dp" android:layout_marginLeft="1dp" android:layout_marginRight="1dp"/>
            </LinearLayout>
        </ScrollView>
    </LinearLayout>
    <RelativeLayout android:layout_width="match_parent" android:layout_height="80dp" android:layout_alignParentBottom="true">
        <Button android:id="@+id/btnapply" android:layout_width="150dp" android:layout_height="match_parent" android:text="@string/ok" android:layout_alignParentStart="true"/>
        <Button android:id="@+id/btncancelt" android:background="@android:color/holo_red_light" android:layout_width="150dp" android:layout_height="match_parent" android:layout_marginTop="5dp" android:layout_marginBottom="5dp" android:text="@string/cancel" android:layout_marginStart="5dp" android:layout_marginEnd="5dp" android:layout_alignParentEnd="true"/>
    </RelativeLayout>
</RelativeLayout>
