<?xml version="1.0" encoding="utf-8"?>
<layer-list xmlns:android="http://schemas.android.com/apk/res/android" xmlns:app="http://schemas.android.com/apk/res-auto">
    <item>
        <shape android:shape="rectangle">
            <solid android:color="@color/grayhighlight"/>
            <corners android:topLeftRadius="3dp" android:topRightRadius="3dp" android:bottomLeftRadius="3dp" android:bottomRightRadius="3dp"/>
        </shape>
    </item>
    <item android:left="3dp" android:top="3dp" android:right="3dp" android:bottom="5dp">
        <shape android:shape="rectangle">
            <solid android:color="@color/graylight"/>
            <corners android:topLeftRadius="3dp" android:topRightRadius="3dp" android:bottomLeftRadius="3dp" android:bottomRightRadius="3dp"/>
        </shape>
    </item>
</layer-list>
