<?xml version="1.0" encoding="utf-8"?>
<inset xmlns:android="http://schemas.android.com/apk/res/android" xmlns:app="http://schemas.android.com/apk/res-auto" android:insetLeft="0px" android:insetRight="0px" android:insetTop="0px" android:insetBottom="0px">
    <selector>
        <item android:state_pressed="true">
            <shape android:innerRadius="15px">
                <gradient android:startColor="@color/rounded_container_bg" android:endColor="@color/rounded_container_bg" android:angle="270"/>
                <corners android:radius="5dp"/>
            </shape>
        </item>
        <item>
            <shape android:innerRadius="15px">
                <stroke android:width="2px" android:color="@color/cardview_dark_background"/>
                <gradient android:startColor="@color/cardview_dark_background" android:endColor="@color/rounded_container_bg" android:angle="90"/> /&gt; 
            </shape>
        </item>
    </selector>
</inset>
