<?xml version="1.0" encoding="utf-8"?>
<layer-list xmlns:android="http://schemas.android.com/apk/res/android" xmlns:app="http://schemas.android.com/apk/res-auto">
    <item>
        <shape android:shape="rectangle">
            <solid android:color="@color/dark_gray"/>
            <corners android:radius="0dp"/>
        </shape>
    </item>
    <item android:left="0dp" android:top="2dp" android:right="0dp" android:bottom="2dp">
        <shape android:shape="rectangle">
            <solid android:color="#ff606060"/>
            <corners android:radius="3dp"/>
        </shape>
    </item>
</layer-list>
