<?xml version="1.0" encoding="utf-8"?>
<LinearLayout xmlns:android="http://schemas.android.com/apk/res/android" xmlns:app="http://schemas.android.com/apk/res-auto" android:orientation="vertical" android:layout_width="match_parent" android:layout_height="match_parent">
    <include android:layout_width="match_parent" android:layout_height="60dp" layout="@layout/header"/>
    <ScrollView android:layout_width="match_parent" android:layout_height="match_parent" android:layout_weight="10">
        <RelativeLayout android:layout_width="match_parent" android:layout_height="wrap_content">
            <ImageView android:id="@+id/chnlang" android:layout_width="50dp" android:layout_height="40dp" android:layout_marginRight="20dp" android:src="@drawable/en_flag" android:layout_alignParentRight="true"/>
            <TextView android:textColor="@color/black" android:autoLink="web" android:id="@+id/txthelp" android:layout_width="match_parent" android:layout_height="wrap_content" android:layout_margin="20dp" android:text="TextView"/>
        </RelativeLayout>
    </ScrollView>
    <LinearLayout android:orientation="horizontal" android:layout_width="match_parent" android:layout_height="50dp" android:layout_weight="1">
        <Button android:id="@+id/btn_activate" android:layout_width="match_parent" android:layout_height="match_parent" android:text="@string/activate" android:layout_weight="1"/>
        <Button android:id="@+id/btn_close" android:layout_width="match_parent" android:layout_height="match_parent" android:text="@string/close" android:layout_weight="1"/>
    </LinearLayout>
</LinearLayout>
