<?xml version="1.0" encoding="utf-8"?>
<inset xmlns:android="http://schemas.android.com/apk/res/android" xmlns:app="http://schemas.android.com/apk/res-auto" android:insetLeft="0px" android:insetRight="0px" android:insetTop="0px" android:insetBottom="0px">
    <selector>
        <item android:state_pressed="true">
            <shape>
                <gradient android:startColor="@color/orange" android:endColor="@color/orange" android:angle="270"/>
                <corners android:radius="5dp"/>
            </shape>
        </item>
        <item>
            <shape>
                <stroke android:width="1px" android:color="@color/white"/>
                <gradient android:startColor="@color/black_overlay" android:endColor="@color/cardview_shadow_start_color" android:angle="270"/>
                <corners android:radius="4dp"/>
            </shape>
        </item>
    </selector>
</inset>
