<?xml version="1.0" encoding="utf-8"?>
<layer-list xmlns:android="http://schemas.android.com/apk/res/android" xmlns:app="http://schemas.android.com/apk/res-auto">
    <item>
        <shape android:shape="rectangle">
            <solid android:color="@color/gray"/>
            <corners android:radius="3dp"/>
        </shape>
    </item>
    <item android:left="1dp" android:top="2dp" android:right="1dp">
        <shape android:shape="rectangle">
            <solid android:color="@color/grayhighlight"/>
            <corners android:radius="3dp"/>
        </shape>
    </item>
</layer-list>
