<?xml version="1.0" encoding="utf-8"?>
<LinearLayout xmlns:android="http://schemas.android.com/apk/res/android" xmlns:app="http://schemas.android.com/apk/res-auto" android:orientation="vertical" android:paddingLeft="10dp" android:paddingRight="10dp" android:focusable="true" android:focusableInTouchMode="true" android:layout_width="match_parent" android:layout_height="match_parent" android:layout_margin="5dp">
    <View android:layout_width="match_parent" android:layout_height="1dp"/>
    <LinearLayout android:orientation="horizontal" android:layout_width="match_parent" android:layout_height="wrap_content">
        <TextView android:textStyle="bold" android:textColor="@color/black" android:layout_width="match_parent" android:layout_height="wrap_content" android:text="@string/step_size" android:layout_weight="1"/>
        <EditText android:id="@+id/step_Size" android:layout_width="match_parent" android:layout_height="wrap_content" android:text="30" android:ems="10" android:singleLine="true" android:layout_weight="1" android:inputType="none" android:imeOptions="actionDone" android:textIsSelectable="true" style="@style/myEditTextStyle"/>
    </LinearLayout>
    <LinearLayout android:orientation="horizontal" android:layout_width="match_parent" android:layout_height="wrap_content">
        <TextView android:textStyle="bold" android:textColor="@color/black" android:layout_width="match_parent" android:layout_height="wrap_content" android:text="@string/width" android:layout_weight="1"/>
        <EditText android:id="@+id/width" android:layout_width="match_parent" android:layout_height="wrap_content" android:text="200" android:hint="@string/width" android:ems="10" android:layout_weight="1" android:inputType="none" android:imeOptions="actionDone" android:textIsSelectable="true" style="@style/myEditTextStyle"/>
    </LinearLayout>
    <LinearLayout android:orientation="horizontal" android:layout_width="match_parent" android:layout_height="wrap_content">
        <TextView android:textStyle="bold" android:textColor="@color/black" android:layout_width="match_parent" android:layout_height="wrap_content" android:text="@string/height" android:layout_weight="1"/>
        <EditText android:id="@+id/height" android:layout_width="match_parent" android:layout_height="wrap_content" android:text="200" android:ems="10" android:layout_weight="1" android:inputType="none" android:imeOptions="actionDone" android:textIsSelectable="true" style="@style/myEditTextStyle"/>
    </LinearLayout>
    <LinearLayout android:orientation="horizontal" android:layout_width="match_parent" android:layout_height="wrap_content">
        <TextView android:textStyle="bold" android:textColor="@color/black" android:layout_width="match_parent" android:layout_height="wrap_content" android:text="@string/number_of_steps" android:layout_weight="1"/>
        <EditText android:id="@+id/step_num" android:layout_width="match_parent" android:layout_height="wrap_content" android:text="6" android:ems="10" android:layout_weight="1" android:inputType="none" android:imeOptions="actionDone" android:textIsSelectable="true" style="@style/myEditTextStyle"/>
    </LinearLayout>
    <LinearLayout android:orientation="horizontal" android:layout_width="match_parent" android:layout_height="wrap_content">
        <TextView android:textStyle="bold" android:textColor="@color/black" android:layout_width="match_parent" android:layout_height="wrap_content" android:text="@string/number_of_paths" android:layout_weight="1"/>
        <EditText android:id="@+id/path_num" android:layout_width="match_parent" android:layout_height="wrap_content" android:text="6" android:ems="10" android:layout_weight="1" android:inputType="none" android:imeOptions="actionDone" android:textIsSelectable="true" style="@style/myEditTextStyle"/>
    </LinearLayout>
</LinearLayout>
