<?xml version="1.0" encoding="utf-8"?>
<RelativeLayout xmlns:android="http://schemas.android.com/apk/res/android" xmlns:app="http://schemas.android.com/apk/res-auto" android:background="@color/gray" android:layout_width="match_parent" android:layout_height="match_parent">
    <RelativeLayout android:layout_width="match_parent" android:layout_height="match_parent">
        <include android:id="@+id/topel" android:visibility="visible" layout="@layout/header_gradiant"/>
        <ScrollView android:layout_width="match_parent" android:layout_height="match_parent" android:layout_below="@+id/topel">
            <LinearLayout android:orientation="vertical" android:layout_width="match_parent" android:layout_height="wrap_content">
                <View android:layout_width="match_parent" android:layout_height="wrap_content"/>
                <TextView android:textStyle="bold" android:textColor="@color/black" android:textColorHint="@color/black" android:layout_width="wrap_content" android:layout_height="wrap_content" android:layout_margin="5dp" android:text="@string/scanning_method"/>
                <RadioGroup android:id="@+id/scantoggle" android:layout_width="match_parent" android:layout_height="match_parent" android:layout_margin="10dp">
                    <RadioButton android:id="@+id/radioManual" android:layout_width="match_parent" android:layout_height="wrap_content" android:checked="true" android:minHeight="60dp" android:text="@string/manual"/>
                    <RadioButton android:id="@+id/radioAuto" android:layout_width="match_parent" android:layout_height="wrap_content" android:minHeight="60dp" android:text="@string/Automatic"/>
                </RadioGroup>
                <LinearLayout android:orientation="horizontal" android:layout_width="match_parent" android:layout_height="wrap_content" android:layout_margin="5dp">
                    <TextView android:textStyle="bold" android:textColor="@color/black" android:textColorHint="@color/black" android:layout_width="wrap_content" android:layout_height="wrap_content" android:text="Note"/>
                    <EditText android:id="@+id/notetxt" android:layout_width="match_parent" android:layout_height="wrap_content" android:text="" android:ems="10" android:layout_weight="1" android:inputType="none" android:imeOptions="actionDone" android:textIsSelectable="true" style="@style/myEditTextStyle"/>
                </LinearLayout>
                <FrameLayout android:id="@+id/scan_frame" android:layout_width="match_parent" android:layout_height="match_parent"/>
                <RelativeLayout android:layout_width="match_parent" android:layout_height="80dp" android:layout_alignParentBottom="true">
                    <Button android:id="@+id/btnapply" android:layout_width="150dp" android:layout_height="match_parent" android:text="@string/ok" android:layout_alignParentStart="true"/>
                    <Button android:id="@+id/btncancelt" android:background="@android:color/holo_red_light" android:layout_width="150dp" android:layout_height="match_parent" android:layout_marginTop="5dp" android:layout_marginBottom="5dp" android:text="@string/cancel" android:layout_marginStart="5dp" android:layout_marginEnd="5dp" android:layout_alignParentEnd="true"/>
                </RelativeLayout>
            </LinearLayout>
        </ScrollView>
    </RelativeLayout>
</RelativeLayout>
