<?xml version="1.0" encoding="utf-8"?>
<layer-list xmlns:android="http://schemas.android.com/apk/res/android" xmlns:app="http://schemas.android.com/apk/res-auto">
    <item>
        <shape android:shape="rectangle">
            <solid android:color="@color/gray"/>
            <corners android:topLeftRadius="3dp" android:bottomLeftRadius="3dp"/>
        </shape>
    </item>
    <item android:left="2dp" android:top="2dp" android:right="2dp" android:bottom="2dp">
        <shape android:shape="rectangle">
            <solid android:color="@color/lightgray"/>
            <corners android:topLeftRadius="3dp" android:bottomLeftRadius="3dp"/>
        </shape>
    </item>
</layer-list>
