<?xml version="1.0" encoding="utf-8"?>
<selector xmlns:android="http://schemas.android.com/apk/res/android" xmlns:app="http://schemas.android.com/apk/res-auto">
    <item android:state_checked="true">
        <layer-list>
            <item android:drawable="@drawable/key_background2"/>
            <item android:drawable="@drawable/twod_normal"/>
        </layer-list>
    </item>
    <item android:state_checked="false">
        <layer-list>
            <item android:drawable="@drawable/slider"/>
            <item android:drawable="@drawable/threed_normal"/>
        </layer-list>
    </item>
</selector>
