<?xml version="1.0" encoding="utf-8"?>
<RelativeLayout xmlns:android="http://schemas.android.com/apk/res/android" xmlns:app="http://schemas.android.com/apk/res-auto" android:id="@+id/frame" android:layout_width="match_parent" android:layout_height="match_parent" android:keepScreenOn="true">
    <com.te.isovolume.IsoGLSurfaceView android:id="@+id/mysurface" android:background="@android:color/transparent" android:layout_width="match_parent" android:layout_height="match_parent"/>
    <LinearLayout android:orientation="vertical" android:id="@+id/topmenu" android:paddingLeft="2dp" android:paddingRight="2dp" android:layout_width="match_parent" android:layout_height="wrap_content" android:layout_marginBottom="10dp" android:layout_alignParentTop="true" android:alpha="1">
        <LinearLayout android:gravity="top" android:orientation="horizontal" android:id="@+id/buttons" android:background="@drawable/slider" android:visibility="visible" android:layout_width="match_parent" android:layout_height="wrap_content" android:layout_alignParentTop="true" android:alpha="0.94">
            <ImageButton android:id="@+id/btn_back" android:background="@drawable/my_about_selector" android:layout_width="56dp" android:layout_height="match_parent" android:src="@drawable/abc_ic_ab_back_mtrl_am_alpha"/>
            <LinearLayout android:layout_gravity="center_horizontal" android:orientation="horizontal" android:id="@+id/extra" android:background="#00000000" android:visibility="visible" android:layout_width="wrap_content" android:layout_height="wrap_content" android:minWidth="600dp" android:layout_weight="1" android:layout_below="@+id/edit" android:alpha="1">
                <TextView android:textSize="16dp" android:textColor="@color/gray" android:layout_gravity="center_vertical" android:id="@+id/min" android:background="@android:color/transparent" android:layout_width="wrap_content" android:layout_height="28dp" android:layout_marginLeft="5dp" android:layout_marginTop="3dp" android:layout_marginRight="5dp" android:text="0.00" android:layout_weight="0.05"/>
                <LinearLayout android:orientation="horizontal" android:layout_width="wrap_content" android:layout_height="40dp" android:layout_weight="1">
                    <ImageButton android:layout_gravity="center_vertical" android:id="@+id/colorstrip" android:layout_width="match_parent" android:layout_height="28dp" android:text=""/>
                </LinearLayout>
                <TextView android:textSize="16dp" android:textColor="@color/gray" android:layout_gravity="center_vertical" android:id="@+id/max" android:background="@android:color/transparent" android:layout_width="wrap_content" android:layout_height="28dp" android:layout_marginLeft="10dp" android:layout_marginTop="3dp" android:layout_marginRight="5dp" android:text="0.00" android:layout_weight="0.05"/>
            </LinearLayout>
            <ImageButton android:textSize="14dp" android:textColor="@color/almostwhite" android:id="@+id/btn_refresh" android:background="@drawable/my_about_selector" android:layout_width="40dp" android:layout_height="match_parent" android:layout_marginLeft="10dp" android:layout_marginTop="2dp" android:layout_marginRight="10dp" android:src="@drawable/ic_refresh" android:text="@string/photo"/>
            <ImageButton android:textSize="14dp" android:textColor="@color/white" android:id="@+id/btn_settings" android:background="@drawable/my_about_selector" android:layout_width="30dp" android:layout_height="match_parent" android:src="@drawable/bg"/>
        </LinearLayout>
    </LinearLayout>
    <LinearLayout android:orientation="vertical" android:id="@+id/rightmenu" android:layout_width="180dp" android:layout_height="match_parent" android:layout_below="@+id/topmenu" android:layout_alignRight="@+id/topmenu" android:layout_alignParentRight="false" android:layout_alignParentBottom="false" android:layout_alignParentEnd="false"/>
    <LinearLayout android:orientation="vertical" android:id="@+id/left_menu" android:layout_width="70dp" android:layout_height="match_parent" android:layout_below="@+id/topmenu" android:layout_alignLeft="@+id/topmenu">
        <ImageButton android:id="@+id/btn_takephoto" android:background="@drawable/my_about_selector" android:padding="5dp" android:layout_width="match_parent" android:layout_height="60dp" android:layout_margin="5dp" android:foreground="@drawable/my_about_selector" android:src="@drawable/save_image_round" android:scaleType="fitCenter" android:tintMode="multiply"/>
        <LinearLayout android:orientation="vertical" android:layout_width="match_parent" android:layout_height="match_parent" android:layout_weight="1"/>
    </LinearLayout>
</RelativeLayout>
