<?xml version="1.0" encoding="utf-8"?>
<RelativeLayout xmlns:android="http://schemas.android.com/apk/res/android" xmlns:app="http://schemas.android.com/apk/res-auto" android:layout_width="match_parent" android:layout_height="match_parent" android:keepScreenOn="true">
    <RelativeLayout android:id="@+id/real_top" android:background="@drawable/slider" android:layout_width="match_parent" android:layout_height="56dp">
        <ImageButton android:id="@+id/back" android:background="@drawable/my_about_selector" android:padding="16dp" android:layout_width="56dp" android:layout_height="match_parent" android:src="@drawable/abc_ic_ab_back_mtrl_am_alpha" android:layout_alignParentLeft="true"/>
        <TextView android:textSize="18sp" android:textStyle="bold" android:textColor="@color/white" android:gravity="center" android:id="@+id/btn_connect" android:background="@drawable/my_about_selector" android:focusable="true" android:layout_width="wrap_content" android:layout_height="match_parent" android:layout_marginLeft="15dp" android:layout_marginRight="15dp" android:text="@string/connect" android:layout_toRightOf="@+id/back" android:textAlignment="center"/>
        <ImageButton android:id="@+id/btn_zero" android:background="@drawable/my_about_selector" android:layout_width="48dp" android:layout_height="match_parent" android:src="@drawable/zero" android:layout_toStartOf="@+id/toggleaudio"/>
        <ImageButton android:id="@+id/toggleaudio" android:background="@drawable/my_about_selector" android:layout_width="48dp" android:layout_height="match_parent" android:src="@android:drawable/ic_lock_silent_mode_off" android:layout_alignParentRight="true"/>
    </RelativeLayout>
    <RelativeLayout android:id="@+id/surfaceViewRelativeLayout" android:layout_width="match_parent" android:layout_height="match_parent" android:layout_below="@+id/real_top" android:layout_centerInParent="false" android:layout_centerHorizontal="false" android:layout_centerVertical="false">
        <SurfaceView android:id="@+id/surfaceView" android:layout_width="match_parent" android:layout_height="match_parent"/>
    </RelativeLayout>
    <RelativeLayout android:id="@+id/gr" android:layout_width="match_parent" android:layout_height="match_parent" android:layout_below="@+id/surfaceViewRelativeLayout">
        <com.jjoe64.graphview.GraphView android:id="@+id/graphView" android:layout_width="match_parent" android:layout_height="match_parent"/>
    </RelativeLayout>
</RelativeLayout>
