<?xml version="1.0" encoding="utf-8"?>
<layer-list xmlns:android="http://schemas.android.com/apk/res/android" xmlns:app="http://schemas.android.com/apk/res-auto">
    <item>
        <shape android:shape="rectangle">
            <solid android:color="@color/graylight"/>
            <corners android:topRightRadius="3dp" android:bottomRightRadius="3dp"/>
        </shape>
    </item>
    <item android:left="0dp" android:right="1dp" android:bottom="2dp">
        <shape android:shape="rectangle">
            <solid android:color="@color/lightgray"/>
            <corners android:topRightRadius="3dp" android:bottomRightRadius="3dp"/>
        </shape>
    </item>
</layer-list>
