<?xml version="1.0" encoding="utf-8"?>
<LinearLayout xmlns:android="http://schemas.android.com/apk/res/android" xmlns:app="http://schemas.android.com/apk/res-auto" android:orientation="vertical" android:background="@color/blue" android:padding="8dp" android:layout_width="match_parent" android:layout_height="wrap_content">
    <ScrollView android:id="@+id/ScrollView01" android:layout_width="match_parent" android:layout_height="wrap_content">
        <LinearLayout android:orientation="vertical" android:id="@+id/LinearLayout01" android:layout_width="match_parent" android:layout_height="wrap_content">
            <TextView android:textSize="20sp" android:textColor="#ffffffff" android:id="@+id/serkey" android:paddingLeft="4dp" android:layout_width="wrap_content" android:layout_height="wrap_content" android:text="Serial Key"/>
            <EditText android:enabled="true" android:id="@+id/iUserEdit" android:layout_width="match_parent" android:layout_height="wrap_content" android:layout_marginTop="6dp" android:layout_marginBottom="6dp" android:singleLine="false"/>
            <TextView android:textSize="20sp" android:textColor="#ffffffff" android:id="@+id/TextView02" android:paddingLeft="4dp" android:layout_width="wrap_content" android:layout_height="wrap_content" android:text="Activation Code"/>
            <EditText android:id="@+id/iPassEdit" android:layout_width="match_parent" android:layout_height="wrap_content" android:layout_marginTop="6dp" android:layout_marginBottom="6dp" android:password="true" android:singleLine="true"/>
        </LinearLayout>
    </ScrollView>
</LinearLayout>
