<?xml version="1.0" encoding="utf-8"?>
<LinearLayout xmlns:android="http://schemas.android.com/apk/res/android" xmlns:app="http://schemas.android.com/apk/res-auto" android:orientation="vertical" android:padding="8dp" android:layout_width="match_parent" android:layout_height="wrap_content">
    <ScrollView android:id="@+id/ScrollView01" android:layout_width="match_parent" android:layout_height="wrap_content">
        <LinearLayout android:orientation="vertical" android:id="@+id/LinearLayout01" android:layout_width="match_parent" android:layout_height="wrap_content">
            <TextView android:textSize="20sp" android:id="@+id/serkey" android:paddingLeft="4dp" android:layout_width="wrap_content" android:layout_height="wrap_content" android:text="License Code"/>
            <EditText android:enabled="true" android:id="@+id/iUserEdit" android:layout_width="match_parent" android:layout_height="wrap_content" android:layout_marginTop="6dp" android:layout_marginBottom="6dp" android:minHeight="48dp" android:singleLine="true"/>
            <TextView android:textSize="20sp" android:id="@+id/serkey2" android:paddingLeft="4dp" android:layout_width="match_parent" android:layout_height="wrap_content" android:text="Activation Request ID"/>
            <EditText android:enabled="false" android:id="@+id/actID" android:layout_width="match_parent" android:layout_height="wrap_content" android:layout_marginTop="6dp" android:layout_marginBottom="6dp" android:minHeight="48dp" android:singleLine="false"/>
            <Button android:id="@+id/btn_ok" android:layout_width="match_parent" android:layout_height="wrap_content" android:text="Request Activation"/>
            <Button android:id="@+id/btn_ok2" android:layout_width="match_parent" android:layout_height="wrap_content" android:text="Check Activation"/>
        </LinearLayout>
    </ScrollView>
</LinearLayout>
