<?xml version="1.0" encoding="utf-8"?>
<RelativeLayout xmlns:android="http://schemas.android.com/apk/res/android" xmlns:app="http://schemas.android.com/apk/res-auto" android:id="@+id/frame" android:layout_width="match_parent" android:layout_height="match_parent" android:keepScreenOn="true">
    <com.te.tem3d.surfaceGL android:id="@+id/gl_surface_view" android:background="@android:color/transparent" android:layout_width="match_parent" android:layout_height="match_parent"/>
    <SurfaceView android:id="@+id/surfaceview" android:background="#00000000" android:layout_width="match_parent" android:layout_height="match_parent" android:layout_alignParentLeft="true" android:layout_alignParentTop="true" android:layout_alignParentStart="true"/>
    <LinearLayout android:orientation="vertical" android:id="@+id/topmenu" android:layout_width="match_parent" android:layout_height="wrap_content" android:layout_alignParentTop="true">
        <LinearLayout android:gravity="left|center_vertical|center_horizontal|center" android:orientation="horizontal" android:id="@+id/buttons" android:background="@drawable/slider" android:visibility="visible" android:layout_width="match_parent" android:layout_height="50dp" android:layout_marginTop="5dp" android:layout_alignParentTop="true">
            <ImageButton android:id="@+id/btn_back" android:background="@drawable/my_about_selector" android:padding="20dp" android:paddingRight="20dp" android:layout_width="50dp" android:layout_height="match_parent" android:src="@drawable/abc_ic_ab_back_mtrl_am_alpha" app:srcCompat="@drawable/abc_ic_ab_back_mtrl_am_alpha"/>
            <ImageButton android:id="@+id/btn_newscan" android:background="@android:color/transparent" android:layout_width="100dp" android:layout_height="match_parent" android:layout_marginRight="10dp" android:src="@drawable/add_res" android:scaleType="fitCenter" android:text="New Scan" android:drawableLeft="@drawable/add_res" android:onClick="onNewScan" android:layout_marginEnd="10dp"/>
            <LinearLayout android:focusable="true" android:focusableInTouchMode="true" android:layout_width="wrap_content" android:layout_height="wrap_content" android:layout_weight="1"/>
            <ImageButton android:textSize="14dp" android:textColor="@color/almostwhite" android:id="@+id/btn_refresh" android:background="@drawable/my_about_selector" android:padding="20dp" android:layout_width="100dp" android:layout_height="match_parent" android:layout_marginTop="2dp" android:src="@drawable/refresh" android:text="@string/photo"/>
            <ImageButton android:textSize="14dp" android:textColor="@color/white" android:id="@+id/btn_settings" android:background="@drawable/my_about_selector" android:layout_width="70dp" android:layout_height="match_parent" android:src="@drawable/bg" android:onClick="onMenu"/>
        </LinearLayout>
        <LinearLayout android:orientation="horizontal" android:id="@+id/extra" android:background="#00000000" android:visibility="visible" android:layout_width="match_parent" android:layout_height="wrap_content" android:layout_below="@+id/edit">
            <TextView android:textSize="16dp" android:textColor="@color/gray" android:layout_gravity="center_vertical" android:id="@+id/min" android:background="@android:color/transparent" android:layout_width="wrap_content" android:layout_height="28dp" android:layout_marginLeft="5dp" android:layout_marginTop="3dp" android:layout_marginRight="5dp" android:text="0.00" android:layout_weight="0.05"/>
            <LinearLayout android:orientation="horizontal" android:layout_width="wrap_content" android:layout_height="40dp" android:layout_weight="1">
                <ImageButton android:layout_gravity="center_vertical" android:id="@+id/colorstrip" android:layout_width="match_parent" android:layout_height="28dp" android:text=""/>
            </LinearLayout>
            <TextView android:textSize="16dp" android:textColor="@color/gray" android:layout_gravity="center_vertical" android:id="@+id/max" android:background="@android:color/transparent" android:layout_width="wrap_content" android:layout_height="28dp" android:layout_marginLeft="10dp" android:layout_marginTop="3dp" android:layout_marginRight="5dp" android:text="0.00" android:layout_weight="0.05"/>
        </LinearLayout>
    </LinearLayout>
    <RelativeLayout android:id="@+id/bottom_menu" android:layout_width="match_parent" android:layout_height="80dp" android:layout_alignParentBottom="true">
        <Button android:id="@+id/btn_takesample" android:layout_width="120dp" android:layout_height="match_parent" android:text="@string/take_sample" android:layout_centerInParent="true"/>
        <ImageButton android:id="@+id/btn_isovol" android:background="@drawable/my_about_selector" android:visibility="visible" android:layout_width="60dp" android:layout_height="match_parent" android:src="@drawable/volround" android:scaleType="fitCenter" android:layout_alignParentRight="true" android:layout_alignParentStart="false"/>
    </RelativeLayout>
    <LinearLayout android:orientation="horizontal" android:id="@+id/display" android:paddingRight="10dp" android:layout_width="wrap_content" android:layout_height="wrap_content" android:layout_margin="40dp" android:layout_marginRight="50dp" android:layout_below="@+id/topmenu" android:layout_alignParentRight="true">
        <LinearLayout android:orientation="vertical" android:layout_width="match_parent" android:layout_height="wrap_content" android:layout_weight="1">
            <TextView android:textColor="@color/horizon_sky_from" android:id="@+id/txt_pathnum" android:layout_width="match_parent" android:layout_height="wrap_content" android:text="@string/path" android:layout_weight="1"/>
            <TextView android:textColor="@color/horizon_sky_from" android:id="@+id/txt_columnum" android:layout_width="match_parent" android:layout_height="wrap_content" android:text="@string/sample_no" android:layout_weight="1"/>
        </LinearLayout>
        <LinearLayout android:orientation="vertical" android:layout_width="wrap_content" android:layout_height="wrap_content">
            <TextView android:textColor="@color/white" android:id="@+id/txt_pathnumval" android:layout_width="match_parent" android:layout_height="wrap_content" android:text="1" android:layout_weight="1"/>
            <TextView android:textColor="@color/white" android:id="@+id/txt_columnumval" android:layout_width="match_parent" android:layout_height="wrap_content" android:text="1" android:layout_weight="6"/>
        </LinearLayout>
    </LinearLayout>
</RelativeLayout>
