<?xml version="1.0" encoding="utf-8"?>
<inset xmlns:android="http://schemas.android.com/apk/res/android" xmlns:app="http://schemas.android.com/apk/res-auto" android:insetLeft="2px" android:insetRight="2px" android:insetTop="4px" android:insetBottom="4px">
    <selector>
        <item android:state_pressed="true">
            <shape>
                <stroke android:width="3px" android:color="@color/white"/>
                <gradient android:startColor="@color/gray" android:endColor="@color/gray" android:angle="270"/>
                <corners android:radius="4dp"/>
            </shape>
        </item>
        <item android:drawable="@drawable/slider"/>
    </selector>
</inset>
