<?xml version="1.0" encoding="utf-8"?>
<inset xmlns:android="http://schemas.android.com/apk/res/android" xmlns:app="http://schemas.android.com/apk/res-auto" android:insetLeft="2px" android:insetRight="2px" android:insetTop="4px" android:insetBottom="4px">
    <selector>
        <item android:state_pressed="true">
            <shape>
                <stroke android:width="3px" android:color="@color/black"/>
                <gradient android:startColor="@color/rounded_container_border" android:endColor="@color/dark_gray" android:angle="270"/>
                <corners android:radius="4dp"/>
            </shape>
        </item>
        <item>
            <layer-list>
                <item android:bottom="1dp">
                    <shape>
                        <stroke android:width="1px" android:color="@color/dark_gray"/>
                        <gradient android:startColor="@color/blue" android:endColor="@color/blue" android:angle="270"/>
                        <corners android:radius="4dp"/>
                    </shape>
                </item>
                <item>
                    <shape>
                        <stroke android:width="2px" android:color="@color/dark_gray" android:bottom="3px"/>
                        <gradient android:startColor="@color/blue" android:endColor="@color/blue" android:angle="270"/>
                        <corners android:radius="4dp"/>
                    </shape>
                </item>
            </layer-list>
        </item>
    </selector>
</inset>
