<?xml version="1.0" encoding="utf-8"?>
<RelativeLayout xmlns:android="http://schemas.android.com/apk/res/android" xmlns:app="http://schemas.android.com/apk/res-auto" android:id="@+id/frame" android:layout_width="match_parent" android:layout_height="match_parent" android:keepScreenOn="true">
    <com.te.tem3d.surfaceGL android:id="@+id/gl_surface_view" android:background="@android:color/transparent" android:layout_width="match_parent" android:layout_height="match_parent"/>
    <SurfaceView android:id="@+id/surfaceview" android:layout_width="match_parent" android:layout_height="match_parent" android:layout_marginTop="42dp" android:layout_alignParentLeft="true" android:layout_alignParentTop="true" android:layout_alignParentStart="true"/>
    <LinearLayout android:orientation="vertical" android:id="@+id/topmenu" android:layout_width="match_parent" android:layout_height="wrap_content" android:layout_marginBottom="10dp" android:layout_alignParentTop="true" android:alpha="1">
        <LinearLayout android:gravity="top" android:orientation="horizontal" android:id="@+id/buttons" android:background="@drawable/slider" android:visibility="visible" android:layout_width="match_parent" android:layout_height="wrap_content" android:layout_alignParentTop="true" android:alpha="0.94">
            <ImageButton android:id="@+id/btn_back" android:background="@drawable/my_about_selector" android:layout_width="56dp" android:layout_height="match_parent" android:src="@drawable/abc_ic_ab_back_mtrl_am_alpha"/>
            <ImageButton android:id="@+id/btn_newscan" android:background="@android:color/transparent" android:layout_width="40dp" android:layout_height="match_parent" android:layout_marginLeft="10dp" android:layout_marginTop="2dp" android:layout_marginRight="10dp" android:src="@drawable/add_res" android:scaleType="fitCenter" android:drawableLeft="@drawable/add_res" android:drawableStart="@drawable/add_normal"/>
            <LinearLayout android:layout_gravity="center_horizontal" android:orientation="horizontal" android:id="@+id/extra" android:background="#00000000" android:visibility="visible" android:layout_width="wrap_content" android:layout_height="wrap_content" android:minWidth="600dp" android:layout_weight="1" android:layout_below="@+id/edit" android:alpha="1">
                <TextView android:textSize="16dp" android:textColor="@color/gray" android:layout_gravity="center_vertical" android:id="@+id/min" android:background="@android:color/transparent" android:layout_width="wrap_content" android:layout_height="28dp" android:layout_marginLeft="5dp" android:layout_marginTop="3dp" android:layout_marginRight="5dp" android:text="0.00" android:layout_weight="0.05"/>
                <LinearLayout android:orientation="horizontal" android:layout_width="wrap_content" android:layout_height="40dp" android:layout_weight="1">
                    <ImageButton android:layout_gravity="center_vertical" android:id="@+id/colorstrip" android:layout_width="match_parent" android:layout_height="28dp" android:text=""/>
                </LinearLayout>
                <TextView android:textSize="16dp" android:textColor="@color/gray" android:layout_gravity="center_vertical" android:id="@+id/max" android:background="@android:color/transparent" android:layout_width="wrap_content" android:layout_height="28dp" android:layout_marginLeft="10dp" android:layout_marginTop="3dp" android:layout_marginRight="5dp" android:text="0.00" android:layout_weight="0.05"/>
            </LinearLayout>
            <ImageButton android:textSize="14dp" android:textColor="@color/almostwhite" android:id="@+id/btn_refresh" android:background="@android:color/transparent" android:layout_width="40dp" android:layout_height="match_parent" android:layout_marginLeft="10dp" android:layout_marginTop="2dp" android:layout_marginRight="10dp" android:src="@drawable/refresh" android:text="@string/photo"/>
            <ImageButton android:textSize="14dp" android:textColor="@color/white" android:id="@+id/btn_settings" android:background="@android:color/transparent" android:paddingLeft="10dp" android:paddingRight="10dp" android:layout_width="40dp" android:layout_height="match_parent" android:src="@drawable/bg" android:onClick="onMenu"/>
        </LinearLayout>
    </LinearLayout>
    <LinearLayout android:orientation="vertical" android:id="@+id/rightmenu" android:layout_width="70dp" android:layout_height="match_parent" android:layout_below="@+id/topmenu" android:layout_alignRight="@+id/topmenu" android:layout_alignParentRight="false" android:layout_alignParentBottom="false" android:layout_alignParentEnd="false">
        <ImageButton android:id="@+id/btn_top" android:background="@drawable/key_background2" android:layout_width="match_parent" android:layout_height="70dp" android:src="@drawable/top_view_white" android:scaleType="fitCenter" app:srcCompat="@drawable/top_view_white" style="@style/Widget.DeviceDefault.Light.ImageButton"/>
        <ImageButton android:id="@+id/btn_front" android:background="@drawable/key_background2" android:layout_width="match_parent" android:layout_height="70dp" android:src="@drawable/front_view_white" android:scaleType="fitCenter" app:srcCompat="@drawable/front_view_white" style="@style/Widget.DeviceDefault.Light.ImageButton"/>
        <ToggleButton android:textSize="0dp" android:id="@+id/chk_grid" android:background="@drawable/grid_res" android:layout_width="match_parent" android:layout_height="70dp" android:checked="false" android:textOn="" android:textOff="" android:onClick="onGridToggle"/>
        <ToggleButton android:textSize="0dp" android:id="@+id/chk_toggle2d" android:background="@drawable/res_toggle2d" android:layout_width="match_parent" android:layout_height="70dp" android:checked="false" android:textOn="" android:textOff="" style="@style/Widget.DeviceDefault.Light.ImageButton"/>
    </LinearLayout>
    <LinearLayout android:orientation="vertical" android:id="@+id/left_menu" android:layout_width="70dp" android:layout_height="match_parent" android:layout_below="@+id/topmenu" android:layout_alignLeft="@+id/topmenu">
        <ImageButton android:id="@+id/btn_openfile" android:background="@drawable/key_background2" android:layout_width="match_parent" android:layout_height="70dp" android:src="@drawable/openfile_white" android:scaleType="fitEnd" android:onClick="onOpen" app:srcCompat="@drawable/openfile_white"/>
        <ImageButton android:id="@+id/btn_takephoto" android:background="@drawable/key_background2" android:layout_width="match_parent" android:layout_height="74dp" android:src="@drawable/picture_white" android:scaleType="fitCenter" android:onClick="onSave" app:srcCompat="@drawable/picture_white" style="@style/Widget.DeviceDefault.Light.ImageButton"/>
        <ImageButton android:id="@+id/btn_savecsv" android:background="@drawable/key_background2" android:layout_width="match_parent" android:layout_height="70dp" android:src="@drawable/save_file_white" android:scaleType="fitCenter" app:srcCompat="@drawable/save_file_white" style="@style/Widget.DeviceDefault.Light.ImageButton"/>
        <ImageButton android:id="@+id/btn_isovol" android:background="@drawable/key_background2" android:layout_width="match_parent" android:layout_height="70dp" android:src="@drawable/volumetric_normal" android:scaleType="fitCenter" style="@style/Widget.DeviceDefault.Light.ImageButton"/>
        <LinearLayout android:orientation="vertical" android:layout_width="match_parent" android:layout_height="match_parent"/>
    </LinearLayout>
    <RelativeLayout android:id="@+id/bottom_menu" android:layout_width="match_parent" android:layout_height="80dp" android:layout_alignBottom="@+id/rightmenu">
        <Button android:id="@+id/btn_takesample" android:layout_width="120dp" android:layout_height="match_parent" android:text="Take Sample" android:layout_centerInParent="true"/>
    </RelativeLayout>
    <LinearLayout android:orientation="horizontal" android:id="@+id/display" android:layout_width="wrap_content" android:layout_height="wrap_content" android:layout_margin="40dp" android:layout_toLeftOf="@+id/rightmenu" android:layout_below="@+id/topmenu">
        <LinearLayout android:orientation="vertical" android:layout_width="match_parent" android:layout_height="match_parent" android:layout_weight="1">
            <TextView android:textColor="@color/horizon_sky_from" android:id="@+id/txt_pathnum" android:layout_width="match_parent" android:layout_height="wrap_content" android:text="@string/path" android:layout_weight="1"/>
            <TextView android:textColor="@color/horizon_sky_from" android:id="@+id/txt_columnum" android:layout_width="match_parent" android:layout_height="wrap_content" android:text="@string/sample_no" android:layout_weight="1"/>
        </LinearLayout>
        <LinearLayout android:orientation="vertical" android:layout_width="wrap_content" android:layout_height="wrap_content">
            <TextView android:textColor="@color/white" android:id="@+id/txt_pathnumval" android:layout_width="match_parent" android:layout_height="wrap_content" android:minWidth="40dp" android:text="1" android:layout_weight="1"/>
            <TextView android:textColor="@color/white" android:id="@+id/txt_columnumval" android:layout_width="match_parent" android:layout_height="wrap_content" android:minWidth="40dp" android:text="1" android:layout_weight="4"/>
        </LinearLayout>
    </LinearLayout>
</RelativeLayout>
