<?xml version="1.0" encoding="utf-8"?>
<LinearLayout xmlns:android="http://schemas.android.com/apk/res/android" xmlns:app="http://schemas.android.com/apk/res-auto" android:layout_width="match_parent" android:layout_height="match_parent" android:keepScreenOn="true">
    <FrameLayout android:layout_width="match_parent" android:layout_height="match_parent">
        <LinearLayout android:orientation="vertical" android:layout_width="match_parent" android:layout_height="match_parent" android:layout_margin="2dp">
            <Button android:id="@+id/btn_realtime" android:background="#90caf9" android:padding="15dp" android:layout_width="match_parent" android:layout_height="match_parent" android:layout_margin="4dp" android:text="@string/realtime_scanning" android:layout_weight="1"/>
            <Button android:id="@+id/btn_groundcan" android:background="#90caf9" android:layout_width="match_parent" android:layout_height="match_parent" android:layout_margin="4dp" android:text="@string/ground_scan" android:layout_weight="1"/>
            <Button android:id="@+id/btn_library" android:background="#90caf9" android:layout_width="match_parent" android:layout_height="match_parent" android:layout_margin="4dp" android:text="@string/library" android:layout_weight="1"/>
            <Button android:id="@+id/btn_language" android:background="#90caf9" android:layout_width="match_parent" android:layout_height="match_parent" android:layout_margin="4dp" android:text="@string/language" android:layout_weight="1"/>
        </LinearLayout>
        <ImageView android:id="@+id/imageView2" android:layout_width="match_parent" android:layout_height="match_parent" android:src="@drawable/m1" android:alpha="0.2"/>
    </FrameLayout>
</LinearLayout>
