<?xml version="1.0" encoding="utf-8"?>
<RelativeLayout xmlns:android="http://schemas.android.com/apk/res/android" xmlns:app="http://schemas.android.com/apk/res-auto" android:id="@+id/ScrollView01" android:layout_width="match_parent" android:layout_height="match_parent">
    <RelativeLayout android:orientation="vertical" android:background="#414141" android:layout_width="match_parent" android:layout_height="match_parent">
        <LinearLayout android:orientation="vertical" android:layout_width="match_parent" android:layout_height="wrap_content" android:layout_alignParentTop="true">
            <include android:id="@+id/head" layout="@layout/header_gradiant"/>
            <ScrollView android:layout_width="match_parent" android:layout_height="match_parent">
                <LinearLayout android:orientation="vertical" android:layout_width="match_parent" android:layout_height="wrap_content">
                    <LinearLayout android:orientation="vertical" android:id="@+id/content" android:visibility="visible" android:layout_width="match_parent" android:layout_height="wrap_content" android:layout_marginTop="1dp" android:layout_marginBottom="1dp" android:layout_marginStart="1dp" android:layout_marginEnd="1dp">
                        <View android:background="@color/rounded_container_border" android:visibility="visible" android:layout_width="match_parent" android:layout_height="0.1dp" android:layout_marginLeft="1dp" android:layout_marginRight="1dp"/>
                        <LinearLayout android:orientation="horizontal" android:layout_width="match_parent" android:layout_height="wrap_content" android:layout_margin="2dp">
                            <TextView android:textSize="20sp" android:textColor="#ffffffff" android:layout_gravity="center" android:paddingLeft="5dp" android:layout_width="match_parent" android:layout_height="wrap_content" android:layout_marginLeft="5dp" android:layout_marginRight="6dp" android:text="@string/_2d" android:layout_weight="6"/>
                            <LinearLayout android:layout_width="match_parent" android:layout_height="wrap_content" android:layout_marginLeft="15dp" android:layout_marginRight="10dp" android:layout_weight="8">
                                <ToggleButton android:id="@+id/toggle2Dswitch" android:layout_width="match_parent" android:layout_height="45dp" android:layout_weight="6"/>
                            </LinearLayout>
                        </LinearLayout>
                        <View android:background="@color/rounded_container_border" android:visibility="visible" android:layout_width="match_parent" android:layout_height="0.1dp" android:layout_marginLeft="1dp" android:layout_marginRight="1dp"/>
                        <LinearLayout android:orientation="horizontal" android:layout_width="match_parent" android:layout_height="match_parent" android:layout_margin="2dp">
                            <TextView android:textSize="20sp" android:textColor="#ffffffff" android:gravity="left" android:layout_gravity="left|center_vertical|center_horizontal|center" android:paddingLeft="5dp" android:layout_width="match_parent" android:layout_height="wrap_content" android:layout_marginLeft="5dp" android:text="@string/draw_axes" android:layout_weight="6"/>
                            <LinearLayout android:layout_width="match_parent" android:layout_height="wrap_content" android:layout_marginLeft="15dp" android:layout_marginRight="10dp" android:layout_weight="8">
                                <ToggleButton android:id="@+id/switch0" android:layout_width="match_parent" android:layout_height="45dp" android:layout_weight="0.25"/>
                            </LinearLayout>
                        </LinearLayout>
                        <View android:background="@color/rounded_container_border" android:visibility="visible" android:layout_width="match_parent" android:layout_height="0.1dp" android:layout_marginLeft="1dp" android:layout_marginRight="1dp"/>
                        <LinearLayout android:orientation="horizontal" android:layout_width="match_parent" android:layout_height="match_parent" android:layout_margin="2dp">
                            <TextView android:textSize="20sp" android:textColor="#ffffffff" android:gravity="left" android:layout_gravity="left|center_vertical|center_horizontal|center" android:paddingLeft="5dp" android:layout_width="match_parent" android:layout_height="wrap_content" android:layout_marginLeft="5dp" android:text="@string/grid_on_off" android:layout_weight="6"/>
                            <LinearLayout android:layout_width="match_parent" android:layout_height="wrap_content" android:layout_marginLeft="15dp" android:layout_marginRight="10dp" android:layout_weight="8">
                                <ToggleButton android:id="@+id/gridToggle" android:layout_width="match_parent" android:layout_height="45dp" android:layout_weight="0.25"/>
                            </LinearLayout>
                        </LinearLayout>
                        <View android:background="@color/rounded_container_border" android:visibility="visible" android:layout_width="match_parent" android:layout_height="0.1dp" android:layout_marginLeft="1dp" android:layout_marginRight="1dp"/>
                        <LinearLayout android:orientation="horizontal" android:layout_width="match_parent" android:layout_height="match_parent" android:layout_margin="2dp">
                            <TextView android:textSize="20sp" android:textColor="#ffffffff" android:gravity="left" android:layout_gravity="left|center_vertical|center_horizontal|center" android:paddingLeft="5dp" android:layout_width="match_parent" android:layout_height="wrap_content" android:layout_marginLeft="5dp" android:text="@string/display_depth" android:layout_weight="6"/>
                            <LinearLayout android:layout_width="match_parent" android:layout_height="wrap_content" android:layout_marginLeft="15dp" android:layout_marginRight="10dp" android:layout_weight="8">
                                <ToggleButton android:id="@+id/depthToggle" android:layout_width="match_parent" android:layout_height="45dp" android:layout_weight="0.25"/>
                            </LinearLayout>
                        </LinearLayout>
                        <View android:background="@color/rounded_container_border" android:visibility="visible" android:layout_width="match_parent" android:layout_height="0.1dp" android:layout_marginLeft="1dp" android:layout_marginRight="1dp"/>
                        <View android:background="@color/rounded_container_border" android:visibility="visible" android:layout_width="match_parent" android:layout_height="0.1dp" android:layout_marginLeft="1dp" android:layout_marginRight="1dp"/>
                        <LinearLayout android:orientation="horizontal" android:layout_width="match_parent" android:layout_height="wrap_content" android:layout_margin="2dp">
                            <TextView android:textSize="20sp" android:textColor="#ffffffff" android:layout_gravity="center" android:paddingLeft="5dp" android:layout_width="match_parent" android:layout_height="wrap_content" android:layout_marginLeft="5dp" android:text="@string/interpolation_type" android:layout_weight="6"/>
                            <LinearLayout android:layout_width="match_parent" android:layout_height="45dp" android:layout_marginLeft="15dp" android:layout_marginRight="10dp" android:layout_weight="8">
                                <Spinner android:gravity="center_horizontal" android:entries="@array/interEntries" android:layout_gravity="center" android:id="@+id/basef" android:layout_width="match_parent" android:layout_height="match_parent" android:layout_weight="6" android:foregroundGravity="center_horizontal" android:textAlignment="center"/>
                            </LinearLayout>
                        </LinearLayout>
                        <View android:background="@color/rounded_container_border" android:visibility="visible" android:layout_width="match_parent" android:layout_height="0.1dp" android:layout_marginLeft="1dp" android:layout_marginRight="1dp"/>
                        <LinearLayout android:orientation="horizontal" android:layout_width="match_parent" android:layout_height="55dp" android:layout_margin="2dp">
                            <TextView android:textSize="20sp" android:textColor="#ffffffff" android:layout_gravity="center" android:paddingLeft="5dp" android:layout_width="match_parent" android:layout_height="wrap_content" android:layout_marginLeft="5dp" android:text="@string/specular_highlight" android:layout_weight="6"/>
                            <LinearLayout android:layout_width="match_parent" android:layout_height="wrap_content" android:layout_marginLeft="15dp" android:layout_marginRight="10dp" android:layout_weight="8">
                                <ToggleButton android:id="@+id/switch1" android:layout_width="match_parent" android:layout_height="match_parent" android:layout_weight="6"/>
                            </LinearLayout>
                        </LinearLayout>
                        <View android:background="@color/rounded_container_border" android:visibility="visible" android:layout_width="match_parent" android:layout_height="0.1dp" android:layout_marginLeft="1dp" android:layout_marginRight="1dp"/>
                        <LinearLayout android:orientation="horizontal" android:layout_width="match_parent" android:layout_height="wrap_content" android:layout_margin="2dp">
                            <TextView android:textSize="20sp" android:textColor="#ffffffff" android:layout_gravity="center" android:paddingLeft="5dp" android:layout_width="match_parent" android:layout_height="wrap_content" android:layout_marginLeft="5dp" android:text="@string/translucent_mode" android:layout_weight="6"/>
                            <LinearLayout android:layout_width="match_parent" android:layout_height="wrap_content" android:layout_marginLeft="15dp" android:layout_marginRight="10dp" android:layout_weight="8">
                                <ToggleButton android:id="@+id/switch2" android:layout_width="match_parent" android:layout_height="45dp" android:layout_weight="6"/>
                            </LinearLayout>
                        </LinearLayout>
                        <View android:background="@color/rounded_container_border" android:visibility="visible" android:layout_width="match_parent" android:layout_height="0.1dp" android:layout_marginLeft="1dp" android:layout_marginRight="1dp"/>
                        <TextView android:textSize="20sp" android:textColor="#fffcfcfc" android:layout_width="wrap_content" android:layout_height="wrap_content" android:layout_marginLeft="12dp" android:layout_marginTop="2dp" android:layout_marginBottom="5dp" android:text="@string/height_colormap"/>
                        <LinearLayout android:layout_gravity="center_horizontal" android:orientation="horizontal" android:id="@+id/cbimages" android:layout_width="match_parent" android:layout_height="wrap_content" android:layout_marginLeft="5dp" android:layout_marginRight="5dp">
                            <ImageView android:tag="0" android:layout_width="35dp" android:layout_height="30dp" android:layout_marginLeft="5dp" android:layout_marginRight="5dp" android:layout_weight="1" android:onClick="checkColor"/>
                            <ImageView android:tag="1" android:layout_width="35dp" android:layout_height="30dp" android:layout_marginLeft="5dp" android:layout_marginRight="5dp" android:layout_weight="1" android:onClick="checkColor"/>
                            <ImageView android:tag="2" android:layout_width="35dp" android:layout_height="30dp" android:layout_marginLeft="5dp" android:layout_marginRight="5dp" android:layout_weight="1" android:onClick="checkColor"/>
                            <ImageView android:tag="3" android:layout_width="35dp" android:layout_height="30dp" android:layout_marginLeft="5dp" android:layout_marginRight="5dp" android:layout_weight="1" android:onClick="checkColor"/>
                            <ImageView android:tag="4" android:layout_width="35dp" android:layout_height="30dp" android:layout_marginLeft="5dp" android:layout_marginRight="5dp" android:layout_weight="1" android:onClick="checkColor"/>
                        </LinearLayout>
                        <LinearLayout android:layout_gravity="center_horizontal" android:orientation="horizontal" android:layout_width="match_parent" android:layout_height="wrap_content" android:layout_marginLeft="5dp" android:layout_marginRight="5dp" android:layout_marginBottom="0dp">
                            <RadioGroup android:layout_gravity="center_horizontal" android:orientation="horizontal" android:id="@+id/radiocbs" android:layout_width="match_parent" android:layout_height="wrap_content">
                                <RadioButton android:id="@+id/radioRainbow" android:layout_width="35dp" android:layout_height="35dp" android:layout_marginLeft="2dp" android:layout_marginRight="2dp" android:checked="true" android:text="" android:layout_weight="1"/>
                                <RadioButton android:id="@+id/radioRed" android:layout_width="35dp" android:layout_height="35dp" android:layout_marginLeft="2dp" android:layout_marginRight="2dp" android:text="" android:layout_weight="1"/>
                                <RadioButton android:id="@+id/radioGreen" android:layout_width="35dp" android:layout_height="35dp" android:layout_marginLeft="2dp" android:layout_marginRight="2dp" android:text="" android:layout_weight="1"/>
                                <RadioButton android:id="@+id/radioBlue" android:layout_width="35dp" android:layout_height="35dp" android:layout_marginLeft="2dp" android:layout_marginRight="2dp" android:text="" android:layout_weight="1"/>
                                <RadioButton android:id="@+id/radioGreen0" android:layout_width="35dp" android:layout_height="35dp" android:layout_marginLeft="2dp" android:layout_marginRight="2dp" android:text="" android:layout_weight="1"/>
                            </RadioGroup>
                        </LinearLayout>
                    </LinearLayout>
                </LinearLayout>
            </ScrollView>
        </LinearLayout>
        <RelativeLayout android:layout_width="match_parent" android:layout_height="80dp" android:layout_alignParentBottom="true">
            <Button android:id="@+id/btnapply" android:layout_width="150dp" android:layout_height="match_parent" android:text="@string/ok" android:layout_alignParentStart="true"/>
            <Button android:id="@+id/btncancelt" android:background="@android:color/holo_red_light" android:layout_width="150dp" android:layout_height="match_parent" android:layout_marginTop="5dp" android:layout_marginBottom="5dp" android:text="@string/cancel" android:layout_marginStart="5dp" android:layout_marginEnd="5dp" android:layout_alignParentEnd="true"/>
        </RelativeLayout>
    </RelativeLayout>
</RelativeLayout>
